SimPoint	BBV	INS	BR	PROC
968.6383805	1225.759987	998.687667	1112.786678	1497.668902
963.6045348	1221.881796	995.6653533	1115.207603	1464.633265
992.6588681	1253.574272	1017.618663	1135.367391	1492.72983
951.1822644	1213.132482	988.2131981	1116.810356	1453.490212
950.2476116	1211.450145	991.448131	1110.738598	1450.320778
950.0072753	1223.672589	989.8758687	1115.478229	1450.39664
987.4875721	1241.051797	1011.857712	1127.795548	1532.635045
950.0935125	1212.565197	987.5697168	1106.845676	1469.37179
961.8961244	1220.493737	997.4508387	1118.911446	1466.820439
965.5555929	1226.228299	997.6321285	1111.058301	1497.490179
950.0601618	1216.474486	987.88334	1116.279836	1486.660181
952.2263358	1233.885259	992.5820238	1114.237246	1452.313391
951.1774461	1213.478185	1000.420173	1103.446334	1459.154409
950.4110998	1212.53968	1002.388276	1102.954261	1452.651193
950.0825045	1211.365895	994.0581991	1104.725371	1472.068023
950.2295263	1212.816287	989.7942137	1102.669261	1450.441547
950.0127465	1211.321266	987.7067618	1103.087641	1461.459132
950.2468331	1211.458315	995.4989701	1102.676109	1470.391098
950.06001	1211.510794	987.5502855	1102.982084	1450.178555
950.0667612	1233.991371	988.7041609	1119.246612	1463.809356
950.0071101	1216.303575	987.9233152	1109.152619	1450.258496
950.3648651	1211.755928	987.7244881	1104.226846	1499.503013
950.0074138	1220.907692	987.5101053	1102.510682	1453.527034
977.2946947	1246.036002	1020.335403	1117.952584	1487.50274
950.500105	1211.66262	1010.531095	1112.613557	1451.254273
967.3978414	1224.765695	1009.306873	1113.543749	1467.929613
950.0477903	1219.671575	989.9455399	1104.559979	1450.175364
950.8168558	1231.554803	988.2707159	1111.731985	1451.778357
950.0229822	1211.404176	1013.817605	1102.62254	1455.789002
962.7215197	1232.414871	995.1643152	1129.437318	1462.867771
987.3636709	1240.21002	1014.596134	1123.053249	1529.609719
950.0860831	1211.322916	996.2037311	1102.679061	1450.127655
950.1576989	1221.773772	1002.738497	1111.165775	1450.216708
950.040043	1221.061835	987.6728523	1112.614342	1452.173485
952.0999867	1213.068131	1011.919518	1103.656475	1454.46067
950.0094782	1211.260886	988.1617157	1105.748564	1450.053067
967.5984444	1237.734163	998.0612914	1113.038395	1467.673897
950.0147264	1218.141699	1019.371999	1104.143825	1474.627788
972.6667355	1242.646388	1028.448615	1114.974476	1486.866346
962.3419768	1221.697858	995.2203709	1109.655808	1462.428491
967.541836	1232.664733	998.6978519	1112.279015	1467.70555
950.1622576	1235.01645	987.629861	1120.213756	1464.227766
995.9029501	1248.280046	1027.052107	1128.469652	1496.54385
968.1007399	1225.281419	1010.39864	1130.767823	1468.136481
973.4269688	1229.514535	1001.634848	1115.560839	1477.648265
950.0714282	1220.886994	987.6005151	1103.618795	1454.958308
950.3663397	1213.185581	987.7229735	1102.756093	1454.406873
986.8167287	1239.875968	1009.790756	1124.961949	1487.109436
971.7112424	1229.438132	1000.543553	1114.519581	1476.788082
950.0036982	1211.258793	1017.088228	1102.772591	1450.956435
970.6104235	1229.158702	1000.213684	1115.914533	1472.331111
969.5894951	1226.441754	1002.274994	1116.871724	1470.853586
957.8820252	1235.232619	993.3522719	1110.486172	1457.911657
950.0033423	1229.171213	987.5274424	1121.910516	1450.008055
954.1804517	1224.073789	990.0113243	1104.950405	1498.510561
950.0038459	1211.298547	1008.996021	1102.503695	1481.08046
950.1671719	1212.028879	988.3222428	1102.60356	1455.823605
959.9231174	1219.225569	995.2155052	1107.96987	1470.348747
951.2651792	1212.236136	990.1516105	1106.742194	1451.973663
950.1702988	1224.726267	991.1067256	1102.619563	1450.174606
950.1384287	1215.495756	988.4745456	1119.982843	1450.260081
953.7835141	1214.19877	1008.195395	1104.641315	1465.465596
950.0351807	1211.477045	987.5945568	1102.527674	1452.511564
950.0109846	1211.266805	1015.981809	1117.117707	1475.216356
956.8265684	1217.709197	991.6024433	1119.155234	1494.259044
950.1693149	1211.756299	990.5027292	1102.636958	1473.231391
967.2538543	1224.701354	1007.222706	1126.900071	1467.544031
955.8090965	1215.805801	991.4807916	1120.194491	1456.463493
950.0044769	1226.817587	987.8001699	1103.911361	1474.345224
951.4449456	1212.384546	988.3698104	1103.322234	1500.543305
950.0218394	1211.285639	988.8787096	1102.675468	1451.094432
950.0041129	1216.993542	1001.192324	1102.538802	1451.741017
950.016893	1211.26651	987.831104	1102.607702	1450.907692
952.1837744	1213.94742	1006.572231	1103.927367	1452.194813
950.6597872	1229.217124	994.331033	1102.864247	1450.682299
953.3217073	1213.832783	989.6919488	1104.972682	1455.067273
956.8483358	1232.218988	991.6887742	1106.279574	1459.031697
950.0104748	1211.380601	990.5826207	1106.821408	1454.897792
950.6583717	1211.763055	994.3815828	1105.472635	1491.530578
951.1941703	1218.987742	992.2527518	1103.160843	1452.312688
955.62546	1215.665926	1005.104633	1112.032911	1457.070146
993.9413593	1247.364316	1013.893719	1126.759757	1502.321012
950.0316657	1223.527111	988.6658914	1103.611904	1453.497139
951.9115512	1213.073019	988.7375712	1107.445358	1477.39649
955.1491736	1226.95095	992.5753918	1114.717432	1455.176279
954.7373971	1231.160159	994.3396874	1111.397273	1483.493441
952.5496244	1213.253713	1012.261125	1117.809134	1452.607181
953.37764	1222.202867	989.5465645	1104.513391	1488.99695
950.0459419	1233.364339	992.929958	1110.064239	1483.048675
988.4713568	1241.095189	1014.358632	1123.696586	1490.051656
969.3137969	1227.845461	999.1150086	1114.547078	1487.457986
952.4594224	1230.904594	988.9823044	1104.134661	1453.118343
950.3867533	1211.990614	1016.885766	1102.716173	1450.413856
950.0618292	1218.74711	987.5950227	1120.72452	1452.092018
950.0079581	1211.294311	994.2157039	1102.516701	1450.041262
950.6997795	1211.854781	987.9233695	1103.593478	1475.646053
956.8034353	1224.105769	991.8021893	1106.47314	1456.812718
981.1614415	1246.73472	1006.210089	1126.576919	1491.287585
957.5161125	1217.224526	992.1079791	1110.822852	1497.302388
950.0043559	1234.469834	1012.773968	1102.534792	1459.685467
951.3701483	1225.764691	988.3505996	1103.789026	1495.676665
962.6526746	1223.108253	1001.984084	1110.130561	1468.617921
952.3341599	1213.253005	988.9036959	1104.987685	1452.340844
987.1692972	1241.374325	1010.976472	1141.312348	1536.312637
950.0149512	1211.822818	989.9409773	1102.576733	1455.362284
951.7402942	1216.17045	988.62765	1106.108457	1478.264114
953.0558655	1233.33615	997.9458953	1107.528919	1465.689326
956.3218987	1230.6306	991.3529198	1106.121729	1458.955335
963.754041	1221.917236	997.5885528	1113.238861	1469.960597
982.3829799	1236.434034	1006.932818	1122.825076	1504.168949
951.6984304	1212.639659	988.7582898	1103.439029	1494.318886
950.0616961	1211.828065	991.7625828	1107.191744	1450.205187
985.5575822	1238.970244	1008.929616	1136.410227	1527.193774
962.1120775	1223.246001	1026.917288	1109.218792	1469.615074
952.6938904	1214.108231	995.7264929	1104.072618	1452.801166
950.0032571	1212.753987	1008.124904	1110.587695	1480.599743
950.0256569	1211.319493	1010.851396	1104.461952	1492.875573
980.0538994	1243.434201	1015.619863	1123.607885	1481.198091
966.7394923	1224.429996	1010.630442	1111.784989	1468.887886
951.8661031	1213.171335	992.8602028	1117.971016	1452.665799
993.5214399	1245.022717	1030.416355	1126.481291	1493.617981
958.3045678	1239.211821	992.490432	1107.144108	1458.331971
950.0369033	1211.281584	990.5120038	1105.803061	1450.064547
950.3215211	1215.44957	996.5519728	1102.682931	1469.760488
971.1410712	1246.442102	1025.542606	1123.158182	1505.771174
953.0039382	1213.639283	989.4934568	1112.721173	1490.489742
951.4037396	1212.35021	988.3490442	1103.275568	1451.411409
950.008637	1235.777587	993.6154086	1102.805426	1451.497514
950.8624384	1211.939407	988.4394662	1106.390986	1500.043491
995.7961746	1246.822488	1015.142494	1128.04692	1495.992448
950.1700752	1217.1765	988.0549375	1102.688083	1486.458869
950.299285	1232.607137	988.8596964	1102.686031	1481.373858
950.0158911	1211.294392	988.3095242	1102.510387	1450.021882
951.1373802	1212.197619	989.3552463	1120.326013	1472.646852
974.6695149	1249.535396	1002.359165	1116.080337	1517.333275
950.8512723	1212.025769	988.0218363	1103.042276	1451.00472
960.2241293	1219.227987	994.1587666	1109.127524	1460.245644
951.7719773	1215.816024	988.7851666	1103.475898	1500.524568
988.7074698	1257.73653	1010.729336	1125.238691	1492.505546
953.8041647	1235.503996	990.5420535	1104.603308	1453.831656
973.0356493	1238.444073	1028.663546	1115.170916	1510.55677
950.02027	1213.422706	989.5358368	1102.609129	1470.832469
989.7533252	1246.32486	1011.690546	1133.828284	1509.039726
995.1958157	1247.588792	1018.282208	1127.412763	1495.202931
968.9080683	1240.029948	998.9337435	1112.947438	1468.919274
979.322232	1255.373961	1005.104337	1123.833965	1483.778522
950.4487283	1211.604857	988.8331918	1106.452865	1452.049397
950.039902	1212.957585	1019.908454	1103.88495	1472.096736
958.6327064	1218.291569	993.0647074	1126.864998	1461.539076
951.6075408	1228.765507	991.9381737	1103.57141	1451.621573
953.9031792	1238.080502	990.5107578	1105.731479	1458.503203
952.4163082	1217.390269	989.2873711	1123.706247	1457.450389
952.4000774	1213.11817	990.9422533	1118.822184	1464.657747
950.0566138	1235.686752	992.76901	1104.40031	1451.132004
950.1301971	1219.40588	987.5919226	1109.109499	1450.38444
999.4772561	1265.739067	1017.189939	1135.09759	1499.507288
976.1523005	1243.584576	1006.524903	1130.753154	1490.584328
971.1379374	1248.179156	1029.855247	1118.230065	1479.074057
974.3326082	1230.111176	1020.605683	1116.694587	1474.336456
963.226902	1236.830013	1005.271152	1121.017645	1465.066668
992.030311	1244.357404	1016.182762	1128.64986	1511.781855
950.0729143	1231.08171	988.7382088	1108.394196	1450.287953
950.1412864	1213.793376	999.1351921	1102.598352	1450.941402
963.7662562	1226.052012	998.3224671	1111.640258	1478.771386
951.4754331	1219.744107	988.9893238	1105.974913	1467.050425
994.7233436	1245.912469	1041.994564	1127.83373	1528.087181
954.3302541	1215.824283	1016.918776	1104.884966	1456.631365
950.1452124	1211.369348	987.6805613	1102.764431	1487.513848
970.4085307	1227.567985	1005.355824	1120.342394	1502.013265
990.62425	1242.763546	1012.031887	1124.879948	1490.861765
985.8114515	1246.364993	1023.595645	1127.059976	1528.075688
953.2755305	1232.793076	997.5658283	1104.342803	1500.271557
969.6803918	1226.50439	999.3890216	1113.388854	1470.003883
970.7593218	1227.346336	1004.916852	1119.132971	1486.660879
992.5412988	1244.234779	1014.144631	1126.009649	1492.544689
998.9814136	1252.07685	1017.200405	1129.461598	1508.316825
950.6764322	1232.686737	995.3907	1103.077915	1450.917155
950.5027748	1235.041635	987.8151481	1102.825044	1450.511382
976.2535986	1234.206988	1004.599722	1125.541241	1511.256065
971.5360759	1227.943306	1006.702991	1123.716186	1472.146199
953.9127276	1235.903783	999.6683831	1104.670562	1454.249065
970.8638657	1239.554977	1012.595986	1115.136593	1514.452746
954.0230207	1215.780667	1013.442635	1104.766457	1454.0371
951.4129873	1213.989321	988.3506334	1103.396565	1452.595987
978.616307	1252.88493	1016.219766	1119.529366	1527.880735
970.3252729	1227.036402	999.7188159	1113.729763	1472.616902
953.969919	1214.476097	1008.070592	1104.864799	1458.004652
960.4770685	1229.072316	993.7903512	1123.914765	1462.540633
985.935696	1239.102761	1009.207048	1141.730186	1485.977559
950.1089041	1217.98375	996.3779983	1104.767579	1450.610507
977.9884015	1234.06111	1004.536218	1117.897475	1478.937035
950.3885252	1211.754044	987.7906332	1103.755607	1450.394451
950.0045432	1214.980393	999.9776832	1109.042682	1454.053488
950.0336566	1211.285413	991.394755	1102.521919	1450.625345
961.1031253	1226.792651	995.1084038	1122.948627	1466.199161
968.0772365	1240.016472	998.3722187	1130.145576	1471.257343
950.5247199	1212.699958	994.7931809	1102.789994	1450.531886
950.1429824	1211.391041	992.0538149	1102.764889	1459.38562
958.7729834	1232.856971	992.780609	1118.812419	1458.796576
950.0059764	1227.053967	987.8511607	1110.308384	1459.330349
950.1961685	1211.429353	992.4157292	1102.639411	1450.232558
967.0293356	1224.794145	1006.457312	1111.875481	1467.966171
951.5501622	1213.734108	989.4198101	1106.828422	1478.52584
951.2180106	1215.771045	988.2360462	1103.216713	1476.910658
950.0155555	1235.906617	989.8036368	1104.16851	1459.450632
976.3279236	1234.946127	1008.528832	1116.992462	1483.545032
958.4508329	1217.851583	992.6024903	1107.622214	1458.603163
950.0330753	1212.290543	1014.506163	1102.523854	1450.822356
986.7478677	1239.866075	1009.87141	1122.789688	1486.751293
950.0560585	1211.318175	990.5893595	1102.602564	1450.135836
950.0110213	1220.838424	999.6968925	1102.823376	1466.298462
950.506435	1211.762846	989.4640802	1102.782982	1485.222516
950.0217749	1224.070091	1013.014057	1102.529397	1450.050204
950.0739555	1232.483062	987.7085021	1102.705903	1495.68322
957.6891474	1217.369952	1006.219114	1108.964699	1475.816219
986.8724679	1245.316696	1012.345313	1123.338344	1504.301822
950.0054848	1211.836123	1009.764037	1110.356243	1459.880375
950.0323199	1211.816212	988.8743341	1102.519393	1450.036776
959.5265426	1235.09011	994.0622621	1127.310838	1461.553717
971.5752647	1233.420797	1002.626093	1114.99882	1484.605743
950.4250731	1211.942535	990.865411	1103.669285	1492.483636
998.3576774	1258.362962	1048.862687	1129.1028	1501.124518
950.2115759	1211.515678	987.6328293	1119.906645	1451.449389
950.2989744	1223.636033	996.8766712	1107.834453	1493.574158
958.117502	1240.809512	1003.919716	1110.427886	1458.340433
953.0546058	1224.769696	989.3454427	1104.795357	1453.089109
950.004118	1228.843373	990.1139321	1102.511662	1450.782444
978.8986649	1233.729138	1004.851291	1123.196696	1479.614573
954.3490572	1221.499303	990.1178626	1107.032849	1454.4155
964.1401562	1227.11633	996.8213526	1113.164785	1468.577713
982.1020202	1236.147345	1033.334232	1134.020301	1516.152146
951.5878474	1235.102457	989.3307114	1119.543203	1451.695076
960.9768131	1220.665977	994.2616667	1108.539725	1499.847106
954.5994456	1219.731646	1008.95837	1106.703652	1459.222429
951.2842242	1229.208956	991.8281113	1103.221432	1457.23703
997.7592173	1260.026547	1016.20193	1132.348203	1521.702677
981.5268953	1255.567029	1006.881848	1119.841654	1504.504009
950.0143772	1211.475099	987.5161666	1105.335489	1450.050708
965.1740434	1223.013762	1011.05824	1110.879635	1477.103081
952.9217802	1215.258244	989.41469	1105.454868	1453.005595
950.0276792	1211.328918	988.064634	1102.523257	1497.674412
986.5044162	1241.69352	1009.796137	1135.291061	1513.822262
961.5791091	1243.210022	996.0575284	1124.929468	1461.64418
992.1181376	1251.622882	1015.374376	1132.932643	1502.448023
950.5608498	1212.837883	987.8636462	1102.888474	1450.632585
950.0355507	1236.121261	1019.820481	1103.492208	1450.054782
950.0143897	1215.4483	994.3049987	1107.326314	1450.029063
965.7918229	1227.103779	998.2103176	1111.252392	1495.883129
951.5567715	1223.681747	988.4545794	1103.73004	1456.574987
966.3150852	1223.946053	1011.048623	1113.174323	1466.347693
951.1339533	1212.139251	1005.489681	1105.759054	1451.185491
950.1586284	1231.065343	1008.372631	1105.780752	1450.224488
950.0177995	1225.580559	987.5197682	1104.558643	1450.023985
950.7078608	1216.019806	987.9418423	1102.91511	1450.776328
962.5564796	1221.010563	995.059473	1109.995435	1462.615248
952.805252	1229.62861	998.2331877	1104.050246	1452.890864
955.2102837	1233.145554	998.205333	1109.528165	1464.646226
954.7266448	1228.924386	991.2541669	1105.105479	1457.134626
951.6272673	1213.868148	988.5706755	1107.702183	1451.894103
953.6703726	1214.168735	999.5710617	1105.852416	1475.559146
950.4317573	1224.198433	987.7629257	1119.30344	1451.605841
984.9897951	1263.33567	1008.931178	1135.215092	1485.110782
950.0479563	1223.587947	987.5723315	1105.321588	1450.064212
997.7491513	1269.697919	1040.797236	1128.814644	1500.624498
950.0345465	1212.406549	988.1891112	1118.667982	1475.815269
950.0071147	1227.466265	988.9432035	1122.159668	1450.012198
950.1879907	1225.239221	991.7904044	1103.03514	1468.364523
955.9765332	1216.52454	991.3426731	1111.723227	1455.981308
950.6144963	1212.012916	987.8722515	1102.948896	1450.819957
992.7479331	1245.818988	1039.667124	1128.461472	1494.451316
962.2009377	1223.711636	996.0275229	1109.221267	1484.80912
955.9975448	1215.997313	992.2088177	1114.299754	1464.743248
996.1730561	1247.131053	1015.207564	1130.147189	1496.320688
954.6577987	1222.326982	991.2069211	1105.103373	1482.137387
961.6852201	1220.501726	994.8020357	1109.157498	1463.716488
954.4020474	1217.315109	1016.976792	1104.924966	1489.471529
950.0060288	1219.689886	988.94487	1103.904084	1451.594901
992.1152423	1244.173329	1012.817354	1125.730421	1493.391087
972.7562899	1234.72185	1001.766974	1115.040537	1490.964142
959.4768615	1221.654321	1023.530775	1120.424102	1476.609739
950.1909697	1213.354608	987.8013266	1121.734149	1450.429774
950.588999	1218.313732	989.4828849	1102.827197	1477.069858
950.3164366	1234.341936	991.5061465	1114.464158	1450.392846
952.516381	1236.294449	989.0367121	1105.299475	1469.647848
950.6138907	1211.731135	995.8255203	1105.328847	1499.85088
950.0289279	1211.703117	990.7414217	1102.527632	1452.407175
950.2143062	1212.173707	989.2752135	1102.901221	1450.278114
999.8995169	1250.203092	1017.509886	1129.95588	1499.950558
955.28774	1235.64249	1018.485562	1105.540185	1458.369133
950.7738115	1222.423003	1009.876822	1120.860402	1451.935209
951.8484448	1212.883011	988.635007	1106.208666	1482.615153
950.0881527	1211.530825	992.9113422	1102.552447	1454.611752
994.0009145	1246.571978	1024.068464	1129.580613	1520.495439
954.7502369	1214.950936	990.4407288	1105.128822	1454.783226
950.0033778	1233.070207	987.5192477	1102.53738	1463.319951
981.7326576	1243.756824	1029.584881	1124.71717	1508.416905
950.1755754	1226.496367	1006.961799	1102.646462	1478.515343
958.1296151	1230.642275	992.978388	1107.026446	1458.137205
950.0132437	1211.353155	987.6268749	1102.596638	1462.025059
950.0070011	1212.876209	996.5607039	1104.038046	1462.391066
950.2764482	1211.65997	987.669243	1102.907148	1462.826655
957.989708	1233.679791	992.296396	1109.094365	1475.622729
950.0723568	1220.904552	988.0781626	1105.397184	1450.116098
960.9220297	1221.821077	994.2940683	1108.510041	1477.383888
991.112296	1243.12211	1012.619988	1125.998477	1491.300343
982.9714796	1250.189137	1035.499366	1120.654971	1483.038978
950.844372	1212.226841	988.0496187	1103.737129	1486.611741
950.0476126	1215.272407	987.7539882	1102.967587	1489.787993
955.9171177	1235.855863	1008.574992	1105.770736	1474.88109
996.3253763	1248.089136	1023.160842	1129.343381	1520.344846
965.7766994	1223.738245	996.9776408	1111.180859	1465.781779
989.3318545	1241.995556	1012.169695	1124.22716	1489.345422
950.0359484	1233.217236	1014.839315	1102.524254	1453.396766
961.6972639	1226.01287	1012.492737	1109.622019	1464.678255
950.1446366	1211.394741	996.9102851	1108.904181	1451.920756
950.0049139	1212.778369	994.2789631	1103.609952	1477.237614
950.4346581	1219.772548	989.077374	1103.162434	1454.012467
973.2974439	1229.831769	1022.791917	1115.362077	1474.385705
950.6013725	1212.090035	987.8739064	1103.41284	1452.313993
981.8979619	1241.945864	1038.738766	1129.024768	1515.136818
950.0041601	1213.7926	996.485439	1110.571945	1463.635602
958.9374991	1239.760271	993.3168948	1108.691388	1459.99534
959.5390261	1218.649401	993.2297778	1113.192378	1459.561022
950.0189647	1227.26692	987.5288871	1102.673072	1450.82644
950.7882696	1216.227604	1015.047701	1106.369692	1472.475889
955.6644337	1215.666148	1020.455302	1107.59209	1459.062657
962.6202849	1221.035862	995.1649722	1113.323066	1463.211739
953.3958441	1213.979755	995.821266	1111.198573	1469.825161
950.1530538	1224.709051	998.1045462	1103.522617	1472.227413
957.7818332	1222.120817	992.1767903	1111.049443	1481.541844
952.1041384	1215.477351	993.421016	1103.699681	1464.881294
951.3554482	1212.3075	1005.652983	1103.247619	1451.425362
950.0527084	1211.316294	987.5342554	1108.099578	1450.067199
999.5077107	1249.621602	1019.957211	1130.329545	1501.424257
950.0755648	1211.376048	988.6924154	1107.504814	1480.24711
977.9182146	1246.332674	1007.36197	1117.882073	1482.912084
950.0056129	1211.370783	987.5206096	1103.131956	1482.341458
950.0413167	1211.2868	987.8315906	1102.808036	1451.835121
964.1096442	1222.186592	1004.258637	1112.100565	1474.274971
950.982076	1227.033375	989.3386644	1110.990654	1451.082208
950.7885562	1211.991739	1006.370299	1112.456867	1450.799447
978.8296263	1235.799949	1004.859336	1123.02561	1479.13236
986.3017748	1240.376911	1014.320708	1122.511542	1504.260822
952.9778616	1213.64995	989.2909138	1104.817113	1452.982607
955.5585238	1215.587949	990.8550434	1105.561935	1455.635747
950.3293809	1215.732511	993.448875	1112.033673	1450.617303
975.5298078	1231.03774	1002.958327	1123.856131	1521.132111
986.6800524	1243.089847	1009.90769	1123.423768	1486.707488
953.1548192	1235.49996	989.4076304	1104.237716	1491.197011
950.1555168	1218.749402	987.732087	1102.634776	1458.6583
954.8364238	1227.418124	1010.005163	1106.964339	1456.96573
993.5306833	1244.993075	1013.621122	1137.811223	1493.605978
950.0443844	1211.428873	998.9328321	1114.080412	1450.057635
950.0481251	1211.294252	991.6897127	1103.660675	1451.558454
950.1252508	1212.08783	987.9117742	1119.607547	1450.144734
968.942878	1227.337964	1002.565711	1129.799853	1468.978455
951.0553299	1225.440007	996.1090392	1103.084628	1451.08591
950.0059397	1211.285197	1008.528879	1112.938831	1450.053399
961.7618908	1245.354853	1015.688198	1112.082401	1462.348012
950.0369339	1211.333452	992.7015476	1102.526946	1450.531323
950.1840496	1233.008537	987.6359256	1102.708724	1478.983334
950.0066774	1211.415865	987.5736154	1103.644346	1450.181482
950.0098207	1211.471059	1015.961801	1104.833116	1450.140734
970.1023293	1227.402799	1004.086544	1113.558554	1473.46664
950.1411203	1225.267647	1010.430773	1118.364668	1452.220575
966.4634797	1225.416341	997.3885556	1115.758077	1498.340768
955.025739	1217.758988	990.5318145	1114.591893	1455.154413
950.2083463	1212.911654	987.7483571	1112.452072	1450.425795
954.4843137	1214.733953	990.2072311	1105.992815	1456.650158
987.283807	1240.267326	1010.471339	1123.010233	1488.288038
951.2199078	1213.944378	1015.472658	1117.273972	1451.408673
955.3536841	1219.746772	998.0179921	1106.306844	1459.941466
951.3577166	1216.632885	1000.989005	1103.67071	1498.751734
950.8466408	1211.949162	996.4240505	1120.139644	1463.214593
950.0240748	1211.279423	987.5334456	1102.680244	1456.850009
997.5141716	1248.675871	1019.034109	1128.798536	1497.530585
954.5862326	1214.82805	1006.142128	1106.451759	1456.428924
984.7886438	1258.184013	1015.795058	1121.734081	1485.116951
966.6392641	1230.441702	999.305616	1111.9413	1466.653268
952.7063068	1223.950313	993.577629	1104.209867	1452.853226
951.6591269	1212.544442	988.4982375	1103.506942	1462.630555
956.7347893	1222.919481	991.8361016	1106.932045	1496.556172
952.1292408	1213.334675	990.0015751	1107.414154	1453.083048
954.8017701	1215.354304	990.8211921	1125.117286	1470.038565
986.4845557	1239.546428	1009.443095	1122.725405	1530.034266
950.0039674	1229.506095	995.5582121	1119.801747	1496.52293
964.8422162	1223.725701	996.5396807	1110.686547	1510.497786
950.410545	1224.127712	994.5518277	1102.732739	1462.72496
978.1266475	1245.102158	1023.804682	1126.801195	1478.666432
950.3818762	1212.25976	992.7387824	1116.435815	1450.387486
950.0084638	1211.266256	987.6139784	1113.25858	1450.291403
970.4152816	1227.076307	1000.013449	1131.204423	1477.447666
953.7007677	1214.168576	1003.119602	1104.555314	1479.802514
952.7212244	1221.297505	989.1360215	1113.362865	1466.583528
968.1882849	1225.365457	998.6246546	1120.028296	1468.191474
969.1259726	1226.099036	1000.665524	1113.028883	1469.283257
962.8676173	1244.485624	995.2502348	1109.691369	1462.873849
950.0649619	1211.310938	987.5734808	1107.612471	1489.636348
950.0065054	1213.940565	1003.72765	1110.314782	1496.59849
964.3462949	1245.199643	996.2356034	1110.400276	1464.352052
950.0618721	1211.35119	1013.171928	1119.641826	1450.31473
991.9825209	1245.835493	1038.183025	1140.711196	1495.913678
978.685874	1236.116887	1004.727154	1129.505845	1478.853748
973.9399902	1229.805243	1001.915986	1122.385925	1476.538568
980.9550454	1235.637198	1006.084262	1119.6234	1528.089495
973.0671923	1246.109156	1021.436408	1130.735091	1513.782171
950.0172858	1211.291757	995.0997104	1122.089757	1451.81315
950.1996054	1211.406394	1014.715943	1102.623225	1451.78419
950.1002659	1213.762531	1015.563982	1112.993573	1455.61365
950.4323359	1211.7585	991.737133	1102.925346	1453.111195
950.4944426	1212.743281	987.8007109	1108.881654	1487.808711
950.2823581	1211.548043	1006.029121	1115.789331	1455.375825
950.0341518	1211.385753	995.6953582	1103.41641	1463.029715
986.9568762	1241.189774	1029.028623	1133.206332	1489.236999
951.2958241	1212.665738	988.3252994	1103.219459	1462.795392
953.2819208	1213.801089	995.3017646	1104.320248	1456.115851
971.3608269	1227.885217	1000.360047	1114.268548	1476.041917
953.0989537	1213.726468	990.8117238	1104.659888	1457.778858
950.0036069	1233.186888	1010.694635	1102.588353	1456.873685
952.1327818	1226.636513	993.9693245	1103.683286	1452.166412
952.529168	1213.376185	993.6206702	1107.653338	1453.352532
951.1218139	1218.636653	988.8151867	1122.98154	1489.51709
961.3923179	1224.974014	999.5710354	1108.78324	1468.309621
950.1493381	1217.187274	1018.564606	1112.084521	1498.89479
950.394249	1211.58698	996.6074924	1108.770356	1450.68706
973.8916531	1233.709462	1003.117876	1133.451072	1474.036713
950.1658226	1211.922103	987.6710831	1107.02688	1450.173206
950.6828657	1213.007132	991.1004013	1120.540251	1450.748303
988.8300667	1243.48336	1010.952879	1136.999486	1496.97587
951.9467561	1212.933603	989.4875677	1105.280356	1453.351108
972.256203	1236.252907	1026.040431	1114.758313	1474.583731
976.6093835	1234.503995	1009.303109	1117.358052	1480.481428
950.0109166	1211.301943	989.261253	1104.44167	1463.536174
950.0130186	1224.010928	996.1800179	1116.920049	1450.073791
956.9959241	1217.01537	1012.181443	1107.155627	1458.516092
957.9378786	1217.437507	992.6807928	1120.783361	1458.619378
965.0548901	1231.686249	998.237698	1110.81956	1479.751979
958.2025481	1234.397498	1009.707831	1107.044105	1460.03415
950.6163685	1211.866927	987.8823078	1103.326336	1452.13687
950.0039349	1211.678678	1001.489227	1102.556017	1474.403317
951.6085029	1212.498731	1010.366299	1103.391988	1451.616064
984.5473595	1254.879062	1010.503707	1132.6546	1527.593687
960.7133081	1219.55777	994.1531178	1125.381517	1460.751631
985.3387429	1238.64573	1035.711768	1121.941759	1487.41657
966.1400417	1239.477794	997.188056	1111.382043	1492.428599
954.7690865	1215.431895	990.763395	1105.217118	1454.838381
950.0045314	1223.673031	1000.215096	1108.484805	1453.048012
956.5349803	1225.309819	993.2895555	1108.090178	1480.182268
984.7726459	1238.832815	1008.370743	1130.414097	1490.332883
950.3550563	1212.34533	991.0631466	1102.790411	1469.491731
950.013991	1212.767053	991.8016609	1111.745144	1454.929963
986.5002128	1239.608682	1009.411914	1122.614506	1495.571721
960.702944	1219.549872	995.0621596	1111.89135	1460.725753
959.8877411	1218.914629	1003.928892	1108.464906	1460.030351
950.0177922	1218.64038	988.4187059	1104.46157	1457.757653
959.3234222	1219.770595	993.5816613	1107.631024	1460.130435
992.2857197	1244.133152	1012.875947	1125.758972	1492.378498
950.0792772	1213.773347	1002.222462	1102.629184	1450.915627
950.0060237	1212.836154	1009.118046	1103.449842	1450.820383
967.3305159	1237.287796	997.9632671	1112.323797	1467.344752
950.0171262	1211.32378	1010.241642	1104.254427	1469.303421
950.3871972	1217.381647	1001.136679	1105.135603	1450.494192
951.2232366	1212.497196	1008.231394	1119.15637	1493.942075
950.0437669	1215.781236	987.7638393	1106.269566	1455.805652
950.0360503	1211.798881	996.3369649	1113.618912	1492.343259
970.1133382	1227.904412	1017.893732	1119.795538	1470.367162
950.09031	1214.995667	990.7944217	1110.656314	1450.422429
950.0114109	1219.804126	994.6291721	1102.6131	1495.522013
952.9767644	1213.562894	989.2943265	1104.224925	1452.982841
950.0630227	1213.614114	987.565449	1102.540162	1450.335114
950.1040154	1211.362157	989.7997258	1116.429438	1475.315547
951.2868633	1234.481158	1013.227055	1103.568024	1452.217961
950.8630962	1213.664169	990.2155544	1102.977999	1451.188406
952.6634989	1214.480587	989.1038919	1104.124363	1491.320632
984.5426065	1238.206451	1008.238609	1133.07303	1517.835676
950.2089	1211.452033	1013.455234	1103.031157	1461.485091
976.2162331	1243.474769	1003.387278	1124.97302	1476.910486
980.1617718	1259.473748	1005.641306	1122.011927	1511.197398
983.1929959	1245.212275	1033.148011	1133.697884	1520.777489
950.004001	1215.23348	1011.025259	1102.533606	1450.666138
950.0917036	1211.601232	1004.275077	1102.551933	1494.89767
951.7392014	1215.658533	988.5579261	1106.129971	1458.237977
954.5798807	1234.081001	1007.56004	1105.290533	1454.600022
967.4895895	1234.779516	998.1362948	1126.663235	1467.542933
964.2022198	1222.58909	996.0990192	1111.528598	1464.224931
950.0103759	1211.274573	996.071482	1116.306289	1477.186594
950.0342815	1211.788479	990.1125602	1111.200069	1482.74446
951.6205794	1212.510859	1018.447422	1115.677598	1451.926439
950.6254631	1212.36026	988.7160604	1103.101778	1450.629796
950.1878178	1211.894513	987.6192154	1102.605053	1450.196483
978.1974812	1241.310049	1004.428751	1121.555776	1518.70667
955.0001431	1215.459869	1015.467813	1105.273382	1473.777679
950.1085206	1211.628728	987.5696456	1118.349426	1451.359155
950.0704445	1211.311677	992.2772922	1102.541035	1452.83417
950.0032846	1226.107829	1008.507087	1102.572269	1450.065163
955.7263323	1217.156349	991.6830268	1118.393681	1455.731041
956.3236091	1216.253748	1005.881376	1106.252878	1456.691623
951.4157533	1214.349026	988.362838	1103.714503	1453.126166
957.1617349	1231.293002	997.7257941	1106.441248	1460.362678
963.0656725	1221.722651	997.1596972	1114.185792	1464.297556
983.8205415	1238.430214	1016.264196	1122.810788	1484.8533
950.1596356	1211.398614	1011.803984	1119.877672	1450.16329
997.9771665	1253.191642	1016.331436	1128.981291	1533.103884
984.3569136	1238.530994	1009.774781	1131.569626	1500.997971
951.3741992	1212.360972	988.3290521	1117.644363	1481.857718
950.012373	1212.233799	987.6091276	1104.939228	1451.97877
950.0707604	1215.559217	1002.777165	1102.566639	1450.082242
950.4040006	1211.571569	1009.608684	1106.265651	1450.577057
969.2504535	1226.190407	999.1747298	1113.250473	1469.26704
993.7234094	1257.4387	1043.542999	1143.306202	1493.727593
953.1692656	1213.710495	990.5359089	1104.717962	1479.709071
950.3383006	1235.076155	991.2550236	1109.16868	1479.81745
953.0338062	1215.460546	989.4567082	1112.220529	1457.547465
950.0078927	1211.272436	988.4870783	1102.606822	1450.015374
968.6191834	1225.722448	998.8509724	1115.456503	1470.066652
954.0431507	1214.418836	990.6176807	1117.155459	1454.056636
983.9543986	1253.917402	1009.041515	1126.388923	1507.177925
952.8525986	1220.743687	1012.994334	1107.740849	1452.905885
950.6830388	1211.794727	987.9342958	1103.037867	1463.939314
950.0704043	1216.47201	987.6512411	1102.540346	1470.514107
976.1062509	1254.228315	1026.741755	1116.864109	1492.450405
950.3942234	1215.876366	1004.604127	1122.611961	1450.409077
973.1451033	1229.254796	1001.398249	1131.422014	1473.179055
956.7315686	1216.479305	992.2059379	1118.364201	1488.638909
955.2098815	1231.798916	1018.325496	1105.399729	1455.277092
952.4304393	1234.025731	988.9656855	1103.857097	1454.05786
969.4717167	1226.776848	1013.479922	1113.219673	1469.510477
951.0595202	1212.292384	1001.961351	1103.099371	1455.448732
966.2808441	1246.99878	998.4187954	1117.483048	1467.898533
969.2293237	1241.834877	1028.717761	1116.940226	1469.789478
950.685332	1214.630404	988.3358543	1102.883926	1454.945733
950.0875145	1211.619581	987.6033954	1102.550922	1450.101208
950.2977664	1218.580537	988.2802474	1102.668147	1451.282458
950.110797	1223.866374	1006.212484	1104.853339	1451.980089
991.4304558	1248.234652	1013.870043	1125.381765	1494.678916
981.4139114	1252.121297	1010.144766	1119.884324	1484.960979
999.4047985	1249.544191	1017.146178	1131.226722	1500.126083
952.163208	1217.041892	994.633803	1109.653562	1460.274141
983.82081	1237.51975	1012.195797	1122.792222	1513.258
953.0121411	1220.530129	989.3580438	1110.941834	1453.021956
950.0057175	1211.374008	997.9641055	1102.51034	1450.52644
986.303315	1260.769383	1009.293483	1123.657796	1506.706553
950.0137363	1224.093086	990.7726882	1103.68672	1450.216496
950.0032437	1213.953928	987.8200457	1102.504315	1450.017896
950.4423008	1212.959172	988.3686846	1109.621227	1450.449183
950.228129	1211.444763	1018.136813	1103.449877	1454.680007
957.9107255	1217.601508	992.6623544	1109.13674	1458.537413
958.0311374	1230.2574	997.4633305	1113.253733	1459.033477
958.5777569	1222.213231	1005.895907	1107.794586	1458.660531
951.26919	1234.171237	988.3964779	1110.923123	1469.953604
950.6997963	1211.794222	987.9329408	1104.255363	1450.955221
983.8483918	1252.052067	1008.115454	1123.226606	1506.213684
950.0889119	1233.631727	987.7553732	1104.095472	1497.206977
950.0739347	1211.341648	1010.956607	1102.542123	1450.4753
970.0621244	1229.540126	1030.605533	1113.68708	1470.075791
970.3651644	1227.923962	999.7730513	1113.937261	1482.680785
965.2594252	1224.872384	996.6964481	1115.629922	1481.771479
950.0443043	1214.645682	990.2766531	1108.29759	1450.242885
952.5838888	1235.796182	989.0806707	1106.33427	1455.451337
950.1323482	1211.356583	990.699768	1122.327967	1450.24377
962.5085886	1242.513569	997.3269628	1109.464041	1468.837888
975.3035564	1233.190689	1002.685705	1117.186848	1475.402446
950.1155698	1229.921845	1003.931655	1105.375214	1476.429293
953.1333786	1221.647697	991.884094	1104.301395	1458.38498
988.9774631	1257.786323	1011.301184	1134.099012	1489.269076
951.6727229	1213.092349	988.5638141	1103.458657	1451.678659
952.7923631	1235.21464	989.4366007	1122.992257	1473.547174
961.4404996	1220.118099	994.4832692	1109.108876	1472.246943
961.2621777	1220.954462	1004.417949	1113.164656	1461.309036
950.0596523	1233.696938	987.543766	1102.594313	1450.063134
950.0684251	1216.225475	1014.775772	1103.761755	1450.282242
959.3007658	1218.483127	993.1521941	1107.663535	1459.315627
992.9625153	1252.38193	1016.551336	1126.186581	1502.652379
950.9220486	1234.326365	1015.909545	1103.539198	1492.176237
967.0844374	1232.195771	998.2025128	1114.426908	1467.088027
959.8228161	1228.948707	993.4072081	1109.398385	1486.517402
950.1266824	1212.192091	1012.88048	1102.574841	1475.267294
950.7603866	1211.846324	992.5374679	1108.456597	1450.802727
981.0823826	1252.646058	1031.645279	1119.599301	1485.721433
950.1469438	1225.973014	988.5496193	1117.964154	1451.829282
951.421899	1214.268341	988.4208656	1106.757942	1471.795203
950.0062965	1211.256798	1010.773208	1104.156753	1450.379623
994.7902215	1254.025841	1014.709751	1146.112232	1525.562576
976.4532449	1231.757197	1004.232943	1118.981941	1476.530275
950.0033381	1211.255148	993.3256691	1104.018354	1451.342658
990.2282031	1244.878875	1011.864521	1125.441948	1504.711131
994.1190687	1248.22264	1027.18207	1126.81007	1505.232097
975.2816112	1230.849947	1002.674469	1116.796292	1475.286969
983.180626	1236.993659	1008.073915	1120.752901	1487.035901
997.0093374	1252.838282	1023.323727	1129.666717	1497.030195
967.3606554	1224.753307	998.2844132	1113.827349	1472.977455
950.0250353	1211.341708	1000.069133	1102.724726	1450.215852
950.0419301	1211.390376	1019.750128	1103.668456	1450.062176
955.338853	1225.735863	1002.4096	1105.460811	1455.564426
955.3751871	1215.706618	993.7960958	1109.839581	1475.980187
959.6501701	1222.614479	1014.901816	1119.027051	1489.797737
962.1461198	1235.000159	999.8202426	1115.218604	1471.079466
950.1157859	1214.629493	989.4097422	1105.446113	1480.991703
969.9065026	1226.793318	999.4506806	1113.556714	1510.377822
950.1361211	1211.359197	987.7743206	1102.6155	1450.208463
951.9407937	1220.833496	989.1952952	1105.391159	1474.167073
983.7396934	1237.825304	1009.033011	1125.093849	1483.770134
950.1635002	1226.145517	990.5277113	1103.180405	1462.015763
981.2135379	1236.32089	1035.758302	1130.083673	1481.391384
967.4563156	1224.829611	998.9118592	1112.147679	1467.79016
950.0226322	1227.056352	994.64621	1102.680219	1451.347698
950.4678687	1211.995756	987.7910435	1102.759932	1474.766228
980.0373654	1240.24739	1015.978323	1119.09407	1486.594802
950.0672705	1211.306795	988.1477752	1102.565811	1450.720964
950.2342667	1213.127979	989.526581	1102.64392	1475.59124
986.1521112	1240.65836	1028.579848	1122.388329	1496.754561
950.0339719	1234.641049	987.5272724	1102.773294	1476.51732
953.6364782	1223.051627	990.1715753	1104.510619	1453.666316
951.8080381	1215.472861	988.8472956	1103.497355	1495.374422
992.4811671	1254.342656	1014.775948	1126.067516	1536.771206
953.1032827	1235.07634	989.3647746	1108.832037	1453.136444
960.2098335	1219.981934	993.6365986	1108.217464	1460.234519
950.0613488	1223.568298	987.5623374	1102.709235	1451.290153
971.6444801	1228.125717	1008.864433	1114.409154	1474.432823
959.1336448	1218.575608	1017.017452	1107.526846	1471.010747
951.0301122	1231.536604	990.6095473	1113.579264	1451.786266
952.8004702	1237.587025	989.228559	1109.295421	1490.294767
950.467177	1211.617989	990.6629128	1109.895868	1450.659237
991.4451138	1243.406176	1027.227765	1125.298463	1521.436229
985.7712115	1239.084426	1009.533613	1132.642853	1486.304143
950.0072624	1211.565102	989.6537303	1102.533287	1451.503217
955.2736639	1224.779814	990.777233	1105.773845	1456.563359
950.0053319	1213.550627	987.6108949	1102.913188	1450.366515
950.1223663	1215.533356	1013.662179	1102.584047	1450.276997
960.0517975	1220.928561	993.6364106	1121.123379	1460.411412
950.6060035	1211.749604	995.6269925	1103.707833	1497.072064
950.0342529	1211.279877	988.1986824	1102.770298	1480.433069
955.8472337	1217.790637	991.1003724	1110.125032	1455.881338
991.6219495	1244.822438	1012.685553	1128.39839	1525.146269
951.7128779	1212.720673	992.6122926	1104.054331	1451.746862
954.3850155	1220.964136	994.1905131	1104.918309	1493.063918
952.9516396	1213.673027	989.2758103	1113.119391	1453.102946
959.3039222	1218.910287	993.2179188	1113.394984	1459.354248
956.7276639	1235.747885	993.2225515	1118.474754	1477.396199
952.1593953	1229.606678	990.4752903	1104.792445	1487.74831
982.545029	1236.50352	1007.092193	1120.417536	1482.817985
952.6655133	1229.857043	996.0020515	1104.027479	1453.092743
969.5708121	1230.09719	999.2661094	1113.310434	1497.952602
967.5756121	1240.578785	1010.055119	1124.061483	1468.557468
952.2278582	1213.267955	1004.303764	1103.727117	1456.576998
950.003817	1211.518423	1002.993683	1102.508841	1450.023047
963.0731702	1225.561208	995.3472482	1118.865507	1485.269227
995.4480833	1249.532703	1015.491622	1134.947836	1510.644227
950.0044913	1233.947455	990.5666561	1109.55806	1466.278252
950.3361333	1212.278143	1011.724843	1103.178823	1455.357861
950.7062587	1215.242253	989.1283064	1104.424096	1452.609334
956.7358586	1216.730705	991.7752312	1108.681804	1457.019927
956.5436806	1232.518035	991.429632	1107.886685	1456.572197
950.0355319	1214.778521	1016.753735	1102.531166	1450.043993
988.8754842	1251.433103	1029.968177	1124.068418	1524.869518
967.1369362	1227.0209	997.7892724	1117.09919	1470.675574
950.041604	1211.367231	987.5290004	1117.346337	1450.185537
950.2399804	1211.457266	987.904572	1102.640044	1475.43323
950.037352	1212.055571	987.6026457	1104.591633	1450.08279
950.0084034	1222.0849	1006.334941	1108.958243	1450.045541
954.2397223	1217.154997	990.1627581	1104.867671	1484.304637
993.814373	1262.661688	1046.213941	1126.80341	1493.830116
966.4635198	1235.373523	1018.932813	1111.972357	1466.739886
950.6934229	1211.867284	987.955321	1107.154775	1451.796645
950.2098093	1212.114143	989.2227454	1102.6188	1450.227539
960.704736	1219.702479	994.0845231	1108.443212	1475.915381
984.6106677	1256.41501	1020.739792	1123.330789	1484.71675
950.9351989	1212.021767	1012.704633	1117.761719	1468.578191
950.4148097	1220.000182	1015.802229	1120.037191	1451.241021
950.1087412	1211.433905	987.7150417	1102.806308	1496.207574
950.0285911	1211.485855	992.8390645	1102.518257	1450.104686
950.1181622	1211.346464	1000.05055	1117.364016	1451.411927
974.5954867	1239.043403	1003.807971	1122.202905	1524.573133
950.0037194	1222.945399	987.6570011	1103.008854	1453.585028
950.0111696	1233.289599	987.6083955	1105.467899	1450.216553
950.0344376	1224.423872	987.9308229	1118.195828	1476.786713
950.1487274	1211.384894	999.7216626	1102.938712	1451.346092
950.1116425	1234.866066	1020.047667	1102.567385	1450.198862
997.7735093	1249.158722	1026.526216	1138.344862	1514.778248
950.0105516	1211.306717	989.2500504	1102.572464	1450.182676
950.4010551	1222.568794	988.2003542	1102.856791	1451.27186
957.5795375	1217.315419	1006.796955	1126.484032	1471.095055
973.7167884	1229.733098	1009.938716	1120.692117	1474.212324
956.8918725	1218.332851	991.7809077	1106.293897	1456.939304
955.2556355	1217.460028	990.6595067	1105.394619	1477.576717
950.2427318	1211.449524	993.17694	1117.48754	1451.207143
979.8971392	1234.423986	1029.14225	1119.000723	1479.973351
952.5555582	1224.607122	989.0482618	1103.961358	1472.732422
950.4410079	1222.834324	990.9513651	1102.753388	1456.050974
950.0559893	1211.729943	988.5879645	1116.151794	1454.704545
950.0064377	1211.258824	987.5612152	1104.656754	1450.019555
969.3965509	1227.134605	1000.222118	1113.172578	1508.932206
996.1183237	1247.000683	1019.210726	1127.921985	1496.362902
951.6243723	1219.001079	988.7793463	1103.606788	1494.932463
952.5574468	1229.244679	992.8977541	1113.052825	1491.080219
961.9860099	1221.076583	1001.503494	1109.095216	1470.921133
950.976121	1231.160113	995.6372707	1103.043475	1495.501161
956.9603191	1221.123551	1019.534108	1107.647426	1488.152625
985.7176527	1239.002025	1016.207716	1127.273107	1492.134137
966.0521144	1223.696817	997.2930645	1111.353851	1466.079808
950.5162571	1220.18967	988.9706389	1102.891275	1450.536133
991.8120331	1243.656372	1012.590954	1128.886465	1492.025902
951.7946644	1212.642658	992.5018427	1103.704926	1451.825587
950.0446665	1211.300515	999.8283154	1105.654316	1450.397119
996.4778747	1268.425319	1017.405479	1137.638727	1503.141418
958.9569053	1218.220319	1010.438501	1107.43188	1458.962623
950.151931	1211.883917	987.9260561	1102.716139	1453.454867
969.1007329	1235.155552	1000.061743	1130.477048	1471.642063
953.7408385	1214.219822	989.7876771	1118.030843	1454.52813
955.4441366	1215.472285	990.7981534	1116.179572	1469.794438
950.0044623	1211.429669	1000.587173	1102.601625	1450.07764
950.12776	1218.286362	987.6075759	1121.532498	1454.558758
961.0583383	1220.148879	994.1501644	1108.586974	1461.068595
979.7372119	1234.596161	1005.358464	1119.611496	1479.923947
954.1024462	1228.638438	992.2058854	1115.731427	1455.122555
975.7892359	1232.608348	1004.95044	1116.692045	1475.809152
950.0206983	1211.599562	990.6793805	1117.038817	1472.972765
950.2791225	1228.883443	987.748021	1102.832825	1452.595533
953.9060167	1218.498343	991.2812521	1106.766309	1455.568053
977.1685748	1237.227655	1003.852281	1117.568911	1504.156052
969.8976184	1226.679999	1022.135898	1115.93192	1470.205629
954.5619267	1238.176074	990.2624342	1105.723609	1467.166281
950.2363063	1212.036368	988.9144469	1104.349974	1455.069598
950.0120746	1211.38527	989.2058673	1102.74119	1476.024525
950.901257	1212.061326	990.2078448	1116.909803	1494.93464
955.0814932	1233.560902	1008.407099	1107.132558	1455.119512
951.7167507	1212.699052	989.1936065	1113.613994	1455.302736
981.998195	1236.533565	1035.050291	1120.126735	1489.221325
953.5254694	1229.685089	1018.132665	1104.671916	1467.330478
950.1063253	1215.724107	987.586591	1102.666141	1480.500752
952.1086739	1212.890557	1019.591126	1109.000637	1454.739851
950.0279117	1211.27595	1013.637336	1121.933839	1454.23497
952.2924288	1213.029132	989.1623234	1103.762131	1473.129352
962.4085386	1220.898083	1021.933134	1110.02364	1486.039537
950.12744	1211.429772	999.868147	1114.16361	1451.444587
961.915686	1220.521751	994.6723009	1109.263803	1461.941148
975.0195232	1230.806295	1002.546421	1124.964775	1480.230302
968.8707956	1225.890563	1004.744583	1112.882283	1468.994549
966.8353637	1243.578028	1000.735421	1111.797829	1499.352786
950.3494792	1232.031283	987.711763	1106.552884	1487.928723
950.3256269	1218.650838	997.1658659	1102.686539	1450.338725
951.5860614	1214.829769	988.7686562	1115.51224	1452.353158
999.0892103	1249.29808	1016.999726	1129.511899	1507.930417
950.3020357	1211.490384	987.7250968	1114.075483	1450.314882
950.623271	1214.652964	988.2128646	1102.949444	1469.703328
970.6196717	1227.344306	1005.878706	1116.167343	1470.633624
997.6751648	1248.201191	1016.125024	1136.208326	1497.706247
967.6611544	1226.391633	998.1077741	1113.361891	1477.599842
954.1291397	1219.14746	989.9854	1108.128537	1454.292201
963.8233735	1222.210779	996.1921706	1110.579086	1492.846208
950.0040015	1216.396127	988.3489902	1104.851569	1450.008068
950.0085633	1211.273904	987.5620042	1112.064241	1456.757628
970.762058	1245.475966	1000.470609	1113.926985	1472.575676
950.0127323	1211.926721	987.6554553	1117.43634	1493.464765
950.003885	1220.156073	987.5184002	1120.216488	1451.169807
952.6726654	1213.334742	989.1388914	1103.973297	1452.783836
950.0309229	1211.768416	987.5207989	1102.966096	1456.133313
988.2728519	1240.915563	1014.465811	1123.664664	1513.288524
950.033831	1211.312485	988.6895653	1121.598495	1450.058436
950.8188499	1216.241634	990.352852	1103.038594	1450.880061
955.1516981	1215.245627	990.673771	1105.977055	1455.177549
951.834463	1213.413902	988.6111331	1103.603738	1451.857657
950.0244456	1212.515529	988.0182408	1103.373579	1450.881336
983.9337609	1256.399481	1016.979892	1121.172465	1483.98108
972.8481394	1228.980311	1001.292458	1116.378392	1474.303541
972.1909744	1230.96513	1000.82467	1115.241717	1472.501335
950.0152917	1212.474551	1004.610257	1102.580451	1452.777094
950.5293585	1211.821858	989.4864983	1106.909301	1473.673967
950.6361874	1212.643137	992.2493106	1102.879176	1452.079074
967.177045	1225.299064	1001.647943	1118.148668	1467.198617
958.3996965	1234.065825	992.6624172	1120.646584	1473.959146
950.0118135	1216.096306	987.7375096	1102.56091	1465.335126
950.0068276	1226.441717	1002.066383	1113.335369	1498.200215
952.0994878	1212.883065	988.7634151	1118.487594	1452.454289
950.2249922	1212.279245	988.1407271	1102.668715	1450.233806
993.5662583	1245.391459	1028.639946	1126.471244	1515.682799
984.6563134	1238.115918	1008.318428	1140.618909	1486.228925
990.1759474	1243.215517	1011.994903	1136.333492	1520.337906
950.004037	1212.915047	990.8850234	1102.68673	1499.097764
971.220552	1240.460008	1001.704598	1116.1008	1519.553476
997.2883091	1257.695987	1015.878112	1128.519781	1526.17836
985.6784179	1239.165752	1009.456667	1125.654778	1487.20904
950.1727386	1211.389922	988.1997704	1102.597417	1478.601092
952.2711626	1233.103685	988.8847237	1121.356232	1459.210893
960.4907	1219.452138	993.7977176	1119.94093	1499.527943
994.9404644	1246.862145	1016.083201	1127.264784	1503.946102
995.9317408	1258.042324	1026.594856	1129.208366	1502.943616
966.5098611	1224.050526	1010.560841	1111.590083	1472.779153
950.0660635	1211.893861	998.197953	1105.18125	1450.132475
950.0320323	1211.413437	1005.104556	1106.458594	1473.277395
950.5451645	1212.257363	991.5054224	1102.801178	1462.760484
950.0107691	1211.393007	1016.350291	1108.901209	1490.543264
950.1581709	1215.218749	1008.401349	1104.4671	1465.387769
979.4727512	1234.100206	1005.185755	1118.750826	1479.535408
950.2669256	1211.598804	996.4520103	1102.822412	1479.598512
955.5120699	1215.52649	990.8110293	1114.130038	1478.790479
950.5029475	1218.975961	1018.836262	1104.732302	1483.822979
991.8647396	1245.454063	1012.633088	1125.797543	1503.849479
950.1070741	1226.37313	990.521297	1102.60192	1450.294148
952.7269807	1230.988031	1012.570125	1104.653526	1454.53793
950.0110647	1211.260733	998.3968496	1116.896837	1450.048557
950.0104098	1213.022291	993.3975101	1114.909645	1452.01428
950.4834232	1212.407518	987.7982926	1105.37033	1476.505516
954.2988122	1215.653713	990.1136553	1113.831501	1495.819527
950.5881379	1219.125704	987.8551213	1104.150497	1450.965793
953.45848	1216.28593	990.331589	1104.856658	1456.583879
998.6668083	1253.777939	1017.957059	1129.272061	1518.482565
950.0673706	1228.560795	992.4639427	1106.015204	1450.902561
953.8848686	1214.363139	999.9180521	1105.115544	1495.127973
950.036657	1215.392504	987.5957873	1116.04543	1451.514303
950.0170823	1211.296302	993.7561996	1103.570146	1450.1103
969.2451359	1226.206522	1026.976109	1115.107017	1469.535469
986.6157978	1242.118095	1030.295408	1122.643501	1494.451668
975.8189303	1233.206465	1003.53188	1122.24179	1475.930693
980.5006086	1234.985659	1005.822774	1121.175171	1483.089858
988.4457381	1241.770426	1013.230731	1123.819098	1489.594613
950.0045543	1211.299536	1012.517681	1102.510205	1450.022747
954.4894134	1214.941167	990.212508	1111.178112	1454.495886
994.8024586	1251.057669	1017.250875	1127.162809	1535.229754
951.7186728	1229.228484	988.8953399	1104.877272	1451.724636
950.010963	1235.972759	987.609078	1102.972676	1450.094286
951.431582	1212.431221	988.5322703	1103.476979	1451.622252
950.012645	1218.419372	1012.813698	1106.893626	1450.656362
951.5879849	1217.194212	1006.109057	1103.389541	1469.474717
951.076931	1212.087187	988.3737838	1103.096375	1455.13867
953.1905998	1215.061785	990.8257842	1119.076017	1461.917951
950.0353768	1214.488871	987.525861	1114.643109	1467.922398
962.4332193	1220.890076	994.9672691	1109.483695	1491.878998
967.1029263	1224.507417	997.8283456	1111.915943	1510.148694
950.081329	1212.092688	996.6983283	1103.050365	1450.086869
951.9338801	1216.31419	1011.289803	1105.29987	1462.331624
978.3418299	1243.813566	1004.634481	1120.26218	1523.77934
950.1392097	1212.536683	1002.657814	1103.190773	1450.85515
950.0127745	1211.265322	1007.522064	1105.408757	1450.034779
959.2625065	1242.291102	993.1121198	1116.45132	1459.274022
991.14808	1256.316526	1014.625308	1131.304336	1526.739764
950.0160873	1212.054651	989.4868468	1111.72055	1450.022549
950.3420288	1211.596955	995.4429926	1102.689929	1451.068661
950.0721204	1211.875137	988.0433412	1102.634914	1450.988684
952.982943	1213.607522	991.7118402	1115.224433	1501.930869
950.0422102	1211.293727	995.9003736	1111.212002	1463.912887
981.3308434	1253.024568	1006.304527	1119.841051	1481.490544
950.3561461	1220.56222	988.0100072	1105.539853	1450.756502
950.0083056	1235.283986	1015.447683	1102.946238	1450.492407
951.6547303	1217.933974	988.5539832	1106.934675	1452.459587
950.0324029	1224.104224	992.7546914	1120.734735	1479.856575
951.4682611	1214.643481	988.9940576	1103.313284	1465.69827
978.8871643	1233.984025	1004.968905	1118.676306	1487.379525
958.9959651	1218.266665	1013.12051	1116.461085	1464.236574
957.695737	1222.303265	1000.012509	1106.73647	1490.586935
962.0841975	1220.677518	997.4491899	1109.21903	1465.440085
950.0928181	1212.625561	988.4633857	1102.80071	1493.577944
955.9929183	1216.094954	998.7398269	1106.255349	1501.83147
950.0090534	1211.271997	993.1506677	1102.550129	1496.268813
950.0475215	1213.47996	988.4146906	1106.158331	1450.051015
988.5247384	1262.721826	1011.533631	1124.605666	1488.586379
950.0045785	1229.890923	987.5935748	1111.313255	1455.634993
964.5047605	1236.562931	1009.82031	1114.668805	1505.708224
950.074223	1217.063919	990.1336821	1102.58332	1478.165473
950.0133753	1229.515562	987.7455998	1102.76677	1452.093828
953.3189246	1230.792592	989.8340424	1105.566144	1453.44993
950.0106725	1218.321373	987.5829068	1104.805123	1450.015079
959.1302057	1218.328337	993.1796654	1125.846543	1459.208297
950.1676082	1223.376346	987.6106831	1102.761774	1450.172523
989.7146187	1242.031338	1019.18109	1124.416603	1503.750819
950.4894316	1212.198612	1000.215051	1112.0983	1451.002839
950.3160041	1211.499666	1009.63753	1102.848635	1450.321109
989.4129603	1241.920474	1011.307532	1124.338005	1499.570314
953.9739658	1221.545201	1013.261981	1115.421991	1454.521276
991.1001546	1249.095904	1029.05245	1143.097415	1492.550006
950.4061998	1228.888476	998.5697125	1102.86331	1483.152787
951.6616427	1216.107995	988.8138048	1123.134615	1453.399078
950.0830948	1211.327814	987.8139841	1102.680281	1485.258132
950.3687694	1211.543064	1012.607766	1103.433781	1450.391629
959.0414905	1233.239718	997.3032132	1107.4856	1469.253629
950.5283422	1212.518028	988.2519603	1115.510614	1496.742871
999.1864088	1252.90289	1017.022633	1129.553985	1499.352472
992.1466721	1244.0497	1012.799386	1125.724684	1492.171421
954.5598726	1214.789453	996.9041404	1105.049306	1468.372321
956.2625172	1216.118244	1020.31597	1105.948632	1458.767336
950.016012	1217.402767	1019.222906	1107.400838	1450.143329
992.4849501	1261.117977	1013.046292	1127.537587	1516.424172
961.6275058	1220.340218	994.6908306	1108.898263	1461.702734
951.288605	1230.410942	989.4322613	1103.250539	1462.671368
959.0989115	1218.564207	993.700352	1108.648923	1459.117561
960.6638104	1231.723116	993.9437464	1110.748019	1510.450373
967.841375	1239.037088	998.5170077	1128.090144	1513.638999
950.0807554	1211.369103	1009.113534	1111.233919	1450.530662
950.0054991	1233.709017	988.7174438	1102.510589	1454.857821
969.8922029	1226.989989	1001.711321	1130.893372	1469.957301
960.5835984	1219.454634	995.0382691	1108.435407	1461.306707
953.6108111	1214.108623	989.6907432	1105.48079	1453.625676
981.3421266	1235.756042	1006.32101	1130.872009	1482.47604
950.0161108	1211.267134	999.9609098	1102.511678	1482.774537
962.4989221	1232.70352	995.0037978	1112.57951	1512.007224
950.0091965	1224.322467	1014.159016	1104.972636	1450.564157
950.538847	1212.100338	997.3284157	1102.800705	1450.933094
950.0358879	1214.412382	1015.542266	1117.623488	1450.079303
950.2578311	1213.899665	995.1079553	1122.101204	1456.463551
950.0145679	1223.832689	998.7830367	1110.124613	1481.210969
950.0658774	1227.119477	998.1795273	1113.11954	1450.185838
950.824766	1211.892392	1018.38567	1122.10416	1451.556134
950.2412869	1212.525208	995.0105734	1103.444437	1489.453964
950.0156043	1211.485249	1018.528037	1103.341295	1450.028242
999.9993918	1252.513345	1038.941655	1131.461246	1535.770582
950.941118	1211.986267	991.9722157	1103.377258	1453.575652
996.1688443	1247.041784	1018.97614	1127.894553	1522.80435
958.0161378	1217.491442	1007.865091	1106.912554	1483.85785
986.6804493	1240.326504	1009.517086	1122.875463	1492.399796
950.2161191	1233.393893	987.6756165	1120.690089	1459.664908
964.2599834	1230.563616	996.067785	1110.394273	1465.873776
950.4246462	1229.255816	999.4352736	1102.740261	1450.824112
971.1740294	1229.267385	1003.911026	1114.396751	1471.416132
950.429255	1227.6173	989.8512963	1115.983663	1450.474269
950.158029	1213.403857	987.6005875	1102.597436	1497.311562
950.0095973	1213.145812	987.5513307	1107.297567	1450.050776
950.1633855	1229.095253	1007.361116	1118.506233	1456.742045
957.1116194	1216.951349	992.4030231	1106.415537	1459.592402
950.4682372	1211.843927	988.0274118	1102.801167	1499.845402
950.135247	1218.203843	987.5859908	1120.180373	1499.344014
950.9639869	1212.184023	988.0843093	1103.042747	1451.617059
961.2931829	1220.083909	994.734446	1126.278945	1481.123856
984.9764305	1240.528017	1025.619185	1121.739361	1487.961213
950.2032949	1220.990985	989.1029894	1102.637328	1493.26773
950.0279041	1211.274338	988.4478722	1102.518487	1490.487493
950.9053484	1220.858062	991.6986845	1109.586732	1473.610092
997.7578429	1248.558422	1033.45095	1130.337446	1498.852696
957.007458	1238.73568	996.0278668	1110.930019	1465.165439
971.8501137	1228.186876	1000.612182	1114.521204	1476.231602
954.2324854	1217.653743	990.0863717	1117.58589	1454.916707
951.3621166	1213.785607	1019.609462	1106.394783	1451.942205
976.6363162	1233.656827	1018.83984	1117.191006	1518.162024
956.5075533	1227.534968	991.898673	1106.08125	1462.892229
950.060866	1212.948555	987.5718092	1103.25013	1461.099362
984.0154456	1240.506649	1008.78094	1123.392136	1484.019364
950.0723744	1232.63692	993.7079324	1102.557596	1466.683591
950.1334772	1233.374451	987.6168533	1102.785371	1459.655437
950.3058069	1231.795749	1008.939001	1102.924293	1460.206649
950.053767	1211.321652	987.7322753	1102.668203	1467.138678
966.1835741	1223.835743	1011.202928	1114.682392	1466.217687
953.7365169	1214.24926	1012.288147	1114.003715	1464.28897
978.6178138	1234.934366	1010.061379	1118.255665	1479.595407
951.0625826	1216.967413	996.346809	1105.202826	1452.536857
958.6124312	1219.836108	1006.766386	1107.242775	1459.359112
971.6997871	1230.116365	1000.573104	1114.438053	1495.070213
950.0127344	1211.323935	987.6539569	1102.508306	1454.870664
951.0901517	1215.700445	997.2044033	1103.116753	1451.094841
954.9820148	1225.533565	992.4844464	1105.262317	1459.799333
950.0324158	1211.361773	1007.202766	1102.675445	1459.611058
956.3188278	1239.205491	991.3998591	1125.329061	1490.247552
950.6131514	1211.749683	1019.389799	1102.847037	1450.730563
963.7645397	1221.976796	995.8739107	1110.072005	1473.134826
957.4897166	1217.875864	1016.18745	1106.635965	1458.52823
953.0518925	1237.039327	1018.370307	1124.073956	1491.556437
976.6631945	1233.076491	1033.357794	1129.500011	1486.8875
966.1010738	1233.47099	1028.366846	1114.699767	1474.114834
961.3901293	1221.392902	1026.082824	1125.463614	1473.244483
950.3082782	1215.26904	1018.14678	1102.899782	1496.831416
951.1021441	1220.220914	999.3985077	1103.279806	1469.189582
954.9177555	1228.049949	1016.996729	1106.094585	1456.43605
982.3596014	1237.906634	1014.675999	1120.504191	1482.363825
950.0068536	1211.26284	987.5935821	1102.510168	1450.670464
950.0045242	1231.480086	989.2888444	1105.713247	1450.119588
958.5349582	1219.0407	1023.367313	1110.627856	1458.578081
960.9948027	1241.948513	1012.841291	1108.548653	1494.991176
952.696083	1216.862098	989.860662	1108.367452	1457.073258
951.420009	1214.56803	991.7353974	1106.71313	1472.717579
952.0762861	1236.88326	1014.879369	1106.584238	1453.591358
991.3762313	1247.891466	1014.037826	1125.362306	1533.894049
955.5267215	1215.538222	1006.754287	1108.134559	1486.651526
957.3964573	1225.075422	1018.894131	1107.097603	1457.504221
970.1584505	1227.814978	999.5971996	1115.107121	1474.215549
950.4680188	1228.988686	991.5276878	1102.768035	1450.540719
950.2200614	1211.425357	989.2302667	1112.695334	1450.301087
950.3308697	1211.554247	987.7161252	1102.782674	1451.570537
992.7669773	1244.871071	1013.258809	1134.436219	1497.362653
992.2601304	1244.22657	1018.472578	1125.76222	1492.39943
959.5519208	1231.63715	1003.046284	1122.885288	1467.394022
961.5186443	1220.38504	994.4139463	1108.855391	1462.294598
957.0251765	1222.718429	991.7518174	1108.986741	1457.055824
950.0191988	1211.296949	988.9215319	1103.165025	1450.747859
964.1664916	1227.963485	997.2557969	1118.920792	1465.258964
957.176658	1217.099732	991.8472063	1119.093403	1458.315795
976.9101829	1232.265826	1003.809093	1117.531638	1485.943742
956.2362367	1216.265622	993.603534	1105.96733	1460.943409
974.3756823	1230.16576	1002.138642	1116.612407	1474.484433
950.0037633	1211.255356	988.4672078	1104.366174	1451.763437
950.5749132	1228.790806	1006.682369	1103.004559	1452.255978
950.2870688	1225.481532	987.9480722	1102.825066	1450.86223
992.6652926	1244.328303	1017.633851	1126.07905	1492.834845
950.0066849	1212.358111	998.1596609	1102.649793	1450.858056
950.9404256	1213.113428	988.0933499	1103.03953	1476.638309
962.4150238	1233.778706	995.0578032	1117.042991	1466.680368
950.3272283	1211.541437	990.6869827	1105.087218	1450.343281
969.0002952	1226.336604	999.059688	1112.965476	1471.022182
976.9938874	1232.215354	1005.592744	1117.368178	1477.366767
950.9023187	1211.959985	1007.622286	1107.235365	1451.935949
960.6327693	1219.625323	993.9315778	1109.73214	1496.032829
955.0269262	1215.60906	1022.812868	1113.984534	1455.832707
950.3405468	1211.75541	988.3651971	1120.784893	1493.241925